JURISDICTION NAME,City,State,Country,Timezone,Area Code,COUNT PARTICIPANTS,COUNT FEMALE,PERCENT FEMALE,COUNT MALE,PERCENT MALE,COUNT GENDER UNKNOWN,PERCENT GENDER UNKNOWN,COUNT GENDER TOTAL,PERCENT GENDER TOTAL,COUNT PACIFIC ISLANDER,PERCENT PACIFIC ISLANDER,COUNT HISPANIC LATINO,PERCENT HISPANIC LATINO,COUNT AMERICAN INDIAN,PERCENT AMERICAN INDIAN,COUNT ASIAN NON HISPANIC,PERCENT ASIAN NON HISPANIC,COUNT WHITE NON HISPANIC,PERCENT WHITE NON HISPANIC,COUNT BLACK NON HISPANIC,PERCENT BLACK NON HISPANIC,COUNT OTHER ETHNICITY,PERCENT OTHER ETHNICITY,COUNT ETHNICITY UNKNOWN,PERCENT ETHNICITY UNKNOWN,COUNT ETHNICITY TOTAL,PERCENT ETHNICITY TOTAL,COUNT PERMANENT RESIDENT ALIEN,PERCENT PERMANENT RESIDENT ALIEN,COUNT US CITIZEN,PERCENT US CITIZEN,COUNT OTHER CITIZEN STATUS,PERCENT OTHER CITIZEN STATUS,COUNT CITIZEN STATUS UNKNOWN,PERCENT CITIZEN STATUS UNKNOWN,COUNT CITIZEN STATUS TOTAL,PERCENT CITIZEN STATUS TOTAL,COUNT RECEIVES PUBLIC ASSISTANCE,PERCENT RECEIVES PUBLIC ASSISTANCE,COUNT NRECEIVES PUBLIC ASSISTANCE,PERCENT NRECEIVES PUBLIC ASSISTANCE,COUNT PUBLIC ASSISTANCE UNKNOWN,PERCENT PUBLIC ASSISTANCE UNKNOWN,COUNT PUBLIC ASSISTANCE TOTAL,PERCENT PUBLIC ASSISTANCE TOTAL
10001,New York,NY,US,America/New_York,"212,718,917,518,646,000",44,22,0.5,22,0.5,0,0,44,100,0,0,16,0.36,0,0,3,0.07,1,0.02,21,0.48,3,0.07,0,0,44,100,2,0.05,42,0.95,0,0,0,0,44,100,20,0.45,24,0.55,0,0,44,100
10002,New York,NY,US,America/New_York,"646,917,212,516,718",35,19,0.54,16,0.46,0,0,35,100,0,0,1,0.03,0,0,28,0.8,6,0.17,0,0,0,0,0,0,35,100,2,0.06,33,0.94,0,0,0,0,35,100,2,0.06,33,0.94,0,0,35,100
10003,New York,NY,US,America/New_York,"212,646,917,347,718",1,1,1,0,0,0,0,1,100,0,0,0,0,0,0,1,1,0,0,0,0,0,0,0,0,1,100,0,0,1,1,0,0,0,0,1,100,0,0,1,1,0,0,1,100
10004,New York,NY,US,America/New_York,"212,917,646,516,347,000",0,0,0,0,0,0,0,0,0,0,0,0,0,0,0,0,0,0,0,0,0,0,0,0,0,0,0,0,0,0,0,0,0,0,0,0,0,0,0,0,0,0,0,0,0
10005,New York,NY,US,America/New_York,"212,646,917,347,718",2,2,1,0,0,0,0,2,100,0,0,0,0,0,0,1,0.5,0,0,1,0.5,0,0,0,0,2,100,1,0.5,1,0.5,0,0,0,0,2,100,0,0,2,1,0,0,2,100
10006,New York,NY,US,America/New_York,"212,646",6,2,0.33,4,0.67,0,0,6,100,0,0,2,0.33,0,0,0,0,1,0.17,3,0.5,0,0,0,0,6,100,0,0,6,1,0,0,0,0,6,100,0,0,6,1,0,0,6,100
10007,New York,NY,US,America/New_York,"212,917,646,718,347",1,0,0,1,1,0,0,1,100,0,0,0,0,0,0,1,1,0,0,0,0,0,0,0,0,1,100,0,0,1,1,0,0,0,0,1,100,1,1,0,0,0,0,1,100
10009,New York,NY,US,America/New_York,"917,212,646,718",2,0,0,2,1,0,0,2,100,0,0,0,0,0,0,2,1,0,0,0,0,0,0,0,0,2,100,0,0,2,1,0,0,0,0,2,100,0,0,2,1,0,0,2,100
10010,New York,NY,US,America/New_York,"212,347,646,914,917,000",0,0,0,0,0,0,0,0,0,0,0,0,0,0,0,0,0,0,0,0,0,0,0,0,0,0,0,0,0,0,0,0,0,0,0,0,0,0,0,0,0,0,0,0,0
10011,New York,NY,US,America/New_York,"646,718,917,212,516,000,000",3,2,0.67,1,0.33,0,0,3,100,0,0,1,0.33,0,0,0,0,0,0,1,0.33,1,0.33,0,0,3,99,0,0,3,1,0,0,0,0,3,100,0,0,3,1,0,0,3,100
10012,New York,NY,US,America/New_York,"917,914,212,646,347",0,0,0,0,0,0,0,0,0,0,0,0,0,0,0,0,0,0,0,0,0,0,0,0,0,0,0,0,0,0,0,0,0,0,0,0,0,0,0,0,0,0,0,0,0
10013,New York,NY,US,America/New_York,"212,646,914,917,516,000,000",8,1,0.13,7,0.88,0,0,8,100,0,0,0,0,0,0,8,1,0,0,0,0,0,0,0,0,8,100,0,0,8,1,0,0,0,0,8,100,1,0.13,7,0.88,0,0,8,100
10014,New York,NY,US,America/New_York,"646,917,212,347,718",0,0,0,0,0,0,0,0,0,0,0,0,0,0,0,0,0,0,0,0,0,0,0,0,0,0,0,0,0,0,0,0,0,0,0,0,0,0,0,0,0,0,0,0,0
10016,New York,NY,US,America/New_York,"212,646,917,914,718",17,12,0.71,5,0.29,0,0,17,100,0,0,9,0.53,0,0,0,0,0,0,8,0.47,0,0,0,0,17,100,0,0,17,1,0,0,0,0,17,100,9,0.53,8,0.47,0,0,17,100
10017,New York,NY,US,America/New_York,"212,646,917,516,914,000",0,0,0,0,0,0,0,0,0,0,0,0,0,0,0,0,0,0,0,0,0,0,0,0,0,0,0,0,0,0,0,0,0,0,0,0,0,0,0,0,0,0,0,0,0
10018,New York,NY,US,America/New_York,"212,646,917,516,203,000,000",3,2,0.67,1,0.33,0,0,3,100,0,0,0,0,0,0,3,1,0,0,0,0,0,0,0,0,3,100,1,0.33,2,0.67,0,0,0,0,3,100,0,0,3,1,0,0,3,100
10019,New York,NY,US,America/New_York,"212,646,718,917,347",0,0,0,0,0,0,0,0,0,0,0,0,0,0,0,0,0,0,0,0,0,0,0,0,0,0,0,0,0,0,0,0,0,0,0,0,0,0,0,0,0,0,0,0,0
10020,New York,NY,US,America/New_York,"646,917,212",0,0,0,0,0,0,0,0,0,0,0,0,0,0,0,0,0,0,0,0,0,0,0,0,0,0,0,0,0,0,0,0,0,0,0,0,0,0,0,0,0,0,0,0,0
10021,New York,NY,US,America/New_York,"212,646,917,315,347",0,0,0,0,0,0,0,0,0,0,0,0,0,0,0,0,0,0,0,0,0,0,0,0,0,0,0,0,0,0,0,0,0,0,0,0,0,0,0,0,0,0,0,0,0
10022,New York,NY,US,America/New_York,"212,631,646,917,914",1,1,1,0,0,0,0,1,100,0,0,0,0,0,0,1,1,0,0,0,0,0,0,0,0,1,100,0,0,1,1,0,0,0,0,1,100,0,0,1,1,0,0,1,100
10023,New York,NY,US,America/New_York,"646,917,212,718",7,5,0.71,2,0.29,0,0,7,100,0,0,3,0.43,0,0,1,0.14,0,0,3,0.43,0,0,0,0,7,100,0,0,7,1,0,0,0,0,7,100,5,0.71,2,0.29,0,0,7,100
10024,New York,NY,US,America/New_York,"212,646,917,718",4,4,1,0,0,0,0,4,100,0,0,0,0,0,0,0,0,3,0.75,0,0,0,0,1,0.25,4,100,0,0,4,1,0,0,0,0,4,100,1,0.25,3,0.75,0,0,4,100
10025,New York,NY,US,America/New_York,"917,212,646",27,17,0.63,10,0.37,0,0,27,100,0,0,15,0.56,0,0,0,0,0,0,11,0.41,1,0.04,0,0,27,100,3,0.11,24,0.89,0,0,0,0,27,100,8,0.3,19,0.7,0,0,27,100
10026,New York,NY,US,America/New_York,"917,646,212",0,0,0,0,0,0,0,0,0,0,0,0,0,0,0,0,0,0,0,0,0,0,0,0,0,0,0,0,0,0,0,0,0,0,0,0,0,0,0,0,0,0,0,0,0
10027,New York,NY,US,America/New_York,"646,917,212",7,4,0.57,3,0.43,0,0,7,100,0,0,1,0.14,0,0,1,0.14,0,0,4,0.57,1,0.14,0,0,7,99,1,0.14,6,0.86,0,0,0,0,7,100,1,0.14,6,0.86,0,0,7,100
10028,New York,NY,US,America/New_York,"212,917,646",0,0,0,0,0,0,0,0,0,0,0,0,0,0,0,0,0,0,0,0,0,0,0,0,0,0,0,0,0,0,0,0,0,0,0,0,0,0,0,0,0,0,0,0,0
10029,New York,NY,US,America/New_York,"212,917,646",20,13,0.65,7,0.35,0,0,20,100,0,0,4,0.2,0,0,0,0,0,0,15,0.75,1,0.05,0,0,20,100,0,0,20,1,0,0,0,0,20,100,8,0.4,12,0.6,0,0,20,100
10030,New York,NY,US,America/New_York,"917,212,646",0,0,0,0,0,0,0,0,0,0,0,0,0,0,0,0,0,0,0,0,0,0,0,0,0,0,0,0,0,0,0,0,0,0,0,0,0,0,0,0,0,0,0,0,0
10031,New York,NY,US,America/New_York,"646,212,917",0,0,0,0,0,0,0,0,0,0,0,0,0,0,0,0,0,0,0,0,0,0,0,0,0,0,0,0,0,0,0,0,0,0,0,0,0,0,0,0,0,0,0,0,0
10032,New York,NY,US,America/New_York,"917,212,646",13,4,0.31,9,0.69,0,0,13,100,0,0,9,0.69,0,0,1,0.08,0,0,2,0.15,1,0.08,0,0,13,100,1,0.08,12,0.92,0,0,0,0,13,100,5,0.38,8,0.62,0,0,13,100
10033,New York,NY,US,America/New_York,"212,646,917",0,0,0,0,0,0,0,0,0,0,0,0,0,0,0,0,0,0,0,0,0,0,0,0,0,0,0,0,0,0,0,0,0,0,0,0,0,0,0,0,0,0,0,0,0
10034,New York,NY,US,America/New_York,"212,917,646",0,0,0,0,0,0,0,0,0,0,0,0,0,0,0,0,0,0,0,0,0,0,0,0,0,0,0,0,0,0,0,0,0,0,0,0,0,0,0,0,0,0,0,0,0
10035,New York,NY,US,America/New_York,"917,212,646",0,0,0,0,0,0,0,0,0,0,0,0,0,0,0,0,0,0,0,0,0,0,0,0,0,0,0,0,0,0,0,0,0,0,0,0,0,0,0,0,0,0,0,0,0
10036,New York,NY,US,America/New_York,"212,646,917,914",2,2,1,0,0,0,0,2,100,0,0,0,0,0,0,1,0.5,0,0,1,0.5,0,0,0,0,2,100,0,0,2,1,0,0,0,0,2,100,2,1,0,0,0,0,2,100
10037,New York,NY,US,America/New_York,"212,917,646",0,0,0,0,0,0,0,0,0,0,0,0,0,0,0,0,0,0,0,0,0,0,0,0,0,0,0,0,0,0,0,0,0,0,0,0,0,0,0,0,0,0,0,0,0
10038,New York,NY,US,America/New_York,"646,212,917,845",16,11,0.69,5,0.31,0,0,16,100,0,0,2,0.13,0,0,9,0.56,0,0,5,0.31,0,0,0,0,16,100,1,0.06,15,0.94,0,0,0,0,16,100,3,0.19,13,0.81,0,0,16,100
10039,New York,NY,US,America/New_York,"212,646,917",0,0,0,0,0,0,0,0,0,0,0,0,0,0,0,0,0,0,0,0,0,0,0,0,0,0,0,0,0,0,0,0,0,0,0,0,0,0,0,0,0,0,0,0,0
10040,New York,NY,US,America/New_York,"917,646,212",5,4,0.8,1,0.2,0,0,5,100,0,0,3,0.6,0,0,1,0.2,0,0,1,0.2,0,0,0,0,5,100,0,0,5,1,0,0,0,0,5,100,2,0.4,3,0.6,0,0,5,100
10044,New York,NY,US,America/New_York,"646,212,917",0,0,0,0,0,0,0,0,0,0,0,0,0,0,0,0,0,0,0,0,0,0,0,0,0,0,0,0,0,0,0,0,0,0,0,0,0,0,0,0,0,0,0,0,0
10045,New York,NY,US,America/New_York,"212,347,646,917",0,0,0,0,0,0,0,0,0,0,0,0,0,0,0,0,0,0,0,0,0,0,0,0,0,0,0,0,0,0,0,0,0,0,0,0,0,0,0,0,0,0,0,0,0
10065,New York,NY,US,America/New_York,212,0,0,0,0,0,0,0,0,0,0,0,0,0,0,0,0,0,0,0,0,0,0,0,0,0,0,0,0,0,0,0,0,0,0,0,0,0,0,0,0,0,0,0,0,0
10115,New York,NY,US,America/New_York,212,0,0,0,0,0,0,0,0,0,0,0,0,0,0,0,0,0,0,0,0,0,0,0,0,0,0,0,0,0,0,0,0,0,0,0,0,0,0,0,0,0,0,0,0,0
10119,New York,NY,US,America/New_York,"212,646,917",0,0,0,0,0,0,0,0,0,0,0,0,0,0,0,0,0,0,0,0,0,0,0,0,0,0,0,0,0,0,0,0,0,0,0,0,0,0,0,0,0,0,0,0,0
10128,New York,NY,US,America/New_York,"212,917,646,203",0,0,0,0,0,0,0,0,0,0,0,0,0,0,0,0,0,0,0,0,0,0,0,0,0,0,0,0,0,0,0,0,0,0,0,0,0,0,0,0,0,0,0,0,0
10154,New York,NY,US,America/New_York,"212,646,917",0,0,0,0,0,0,0,0,0,0,0,0,0,0,0,0,0,0,0,0,0,0,0,0,0,0,0,0,0,0,0,0,0,0,0,0,0,0,0,0,0,0,0,0,0
10278,New York,NY,US,America/New_York,"212,646,917",0,0,0,0,0,0,0,0,0,0,0,0,0,0,0,0,0,0,0,0,0,0,0,0,0,0,0,0,0,0,0,0,0,0,0,0,0,0,0,0,0,0,0,0,0
10280,New York,NY,US,America/New_York,"212,646,347,917",0,0,0,0,0,0,0,0,0,0,0,0,0,0,0,0,0,0,0,0,0,0,0,0,0,0,0,0,0,0,0,0,0,0,0,0,0,0,0,0,0,0,0,0,0
10301,Staten Island,NY,US,America/New_York,718,0,0,0,0,0,0,0,0,0,0,0,0,0,0,0,0,0,0,0,0,0,0,0,0,0,0,0,0,0,0,0,0,0,0,0,0,0,0,0,0,0,0,0,0,0
10302,Staten Island,NY,US,America/New_York,"917,718,347",0,0,0,0,0,0,0,0,0,0,0,0,0,0,0,0,0,0,0,0,0,0,0,0,0,0,0,0,0,0,0,0,0,0,0,0,0,0,0,0,0,0,0,0,0
10303,Staten Island,NY,US,America/New_York,718,0,0,0,0,0,0,0,0,0,0,0,0,0,0,0,0,0,0,0,0,0,0,0,0,0,0,0,0,0,0,0,0,0,0,0,0,0,0,0,0,0,0,0,0,0
10304,Staten Island,NY,US,America/New_York,"718,347,917",0,0,0,0,0,0,0,0,0,0,0,0,0,0,0,0,0,0,0,0,0,0,0,0,0,0,0,0,0,0,0,0,0,0,0,0,0,0,0,0,0,0,0,0,0
10305,Staten Island,NY,US,America/New_York,718,0,0,0,0,0,0,0,0,0,0,0,0,0,0,0,0,0,0,0,0,0,0,0,0,0,0,0,0,0,0,0,0,0,0,0,0,0,0,0,0,0,0,0,0,0
10306,Staten Island,NY,US,America/New_York,"917,718,646",1,0,0,1,1,0,0,1,100,0,0,0,0,0,0,1,1,0,0,0,0,0,0,0,0,1,100,0,0,1,1,0,0,0,0,1,100,0,0,1,1,0,0,1,100
10307,Staten Island,NY,US,America/New_York,"718,347",0,0,0,0,0,0,0,0,0,0,0,0,0,0,0,0,0,0,0,0,0,0,0,0,0,0,0,0,0,0,0,0,0,0,0,0,0,0,0,0,0,0,0,0,0
10309,Staten Island,NY,US,America/New_York,"718,347,917",0,0,0,0,0,0,0,0,0,0,0,0,0,0,0,0,0,0,0,0,0,0,0,0,0,0,0,0,0,0,0,0,0,0,0,0,0,0,0,0,0,0,0,0,0
10310,Staten Island,NY,US,America/New_York,"718,914",0,0,0,0,0,0,0,0,0,0,0,0,0,0,0,0,0,0,0,0,0,0,0,0,0,0,0,0,0,0,0,0,0,0,0,0,0,0,0,0,0,0,0,0,0
10312,Staten Island,NY,US,America/New_York,"917,718,347",0,0,0,0,0,0,0,0,0,0,0,0,0,0,0,0,0,0,0,0,0,0,0,0,0,0,0,0,0,0,0,0,0,0,0,0,0,0,0,0,0,0,0,0,0
10314,Staten Island,NY,US,America/New_York,"203,718,347",0,0,0,0,0,0,0,0,0,0,0,0,0,0,0,0,0,0,0,0,0,0,0,0,0,0,0,0,0,0,0,0,0,0,0,0,0,0,0,0,0,0,0,0,0
10451,Bronx,NY,US,America/New_York,"347,718,914,917",41,21,0.51,20,0.49,0,0,41,100,0,0,22,0.54,0,0,1,0.02,0,0,15,0.37,2,0.05,1,0.02,41,100,3,0.07,38,0.93,0,0,0,0,41,100,12,0.29,29,0.71,0,0,41,100
10452,Bronx,NY,US,America/New_York,"718,347,646",17,12,0.71,5,0.29,0,0,17,100,0,0,10,0.59,0,0,0,0,0,0,5,0.29,1,0.06,1,0.06,17,100,0,0,17,1,0,0,0,0,17,100,3,0.18,14,0.82,0,0,17,100
10453,Bronx,NY,US,America/New_York,"917,718",14,7,0.5,7,0.5,0,0,14,100,0,0,6,0.43,0,0,0,0,0,0,8,0.57,0,0,0,0,14,100,2,0.14,12,0.86,0,0,0,0,14,100,8,0.57,6,0.43,0,0,14,100
10454,Bronx,NY,US,America/New_York,718,18,8,0.44,10,0.56,0,0,18,100,0,0,7,0.39,0,0,1,0.06,0,0,10,0.56,0,0,0,0,18,100,1,0.06,17,0.94,0,0,0,0,18,100,8,0.44,10,0.56,0,0,18,100
10455,Bronx,NY,US,America/New_York,"914,718",27,17,0.63,10,0.37,0,0,27,100,0,0,5,0.19,0,0,0,0,0,0,20,0.74,2,0.07,0,0,27,100,1,0.04,25,0.93,1,0.04,0,0,27,100,7,0.26,20,0.74,0,0,27,100
10456,Bronx,NY,US,America/New_York,"718,347,646,917",5,3,0.6,2,0.4,0,0,5,100,0,0,3,0.6,1,0.2,0,0,0,0,0,0,1,0.2,0,0,5,100,0,0,5,1,0,0,0,0,5,100,1,0.2,4,0.8,0,0,5,100
10457,Bronx,NY,US,America/New_York,"718,917,347,646",0,0,0,0,0,0,0,0,0,0,0,0,0,0,0,0,0,0,0,0,0,0,0,0,0,0,0,0,0,0,0,0,0,0,0,0,0,0,0,0,0,0,0,0,0
10458,Bronx,NY,US,America/New_York,"347,718,646",52,25,0.48,27,0.52,0,0,52,100,0,0,24,0.46,0,0,0,0,1,0.02,23,0.44,3,0.06,1,0.02,52,100,3,0.06,48,0.92,1,0.02,0,0,52,100,19,0.37,33,0.63,0,0,52,100
10459,Bronx,NY,US,America/New_York,"718,917",7,5,0.71,2,0.29,0,0,7,100,0,0,3,0.43,0,0,0,0,0,0,4,0.57,0,0,0,0,7,100,2,0.29,5,0.71,0,0,0,0,7,100,3,0.43,4,0.57,0,0,7,100
10460,Bronx,NY,US,America/New_York,718,27,20,0.74,7,0.26,0,0,27,100,0,0,9,0.33,0,0,0,0,1,0.04,15,0.56,2,0.07,0,0,27,100,2,0.07,25,0.93,0,0,0,0,27,100,14,0.52,13,0.48,0,0,27,100
10461,Bronx,NY,US,America/New_York,"718,212,347",49,26,0.53,23,0.47,0,0,49,100,1,0.02,21,0.43,1,0.02,1,0.02,1,0.02,18,0.37,5,0.1,1,0.02,49,100,1,0.02,48,0.98,0,0,0,0,49,100,21,0.43,28,0.57,0,0,49,100
10462,Bronx,NY,US,America/New_York,"718,914,347,917",3,2,0.67,1,0.33,0,0,3,100,0,0,1,0.33,0,0,0,0,0,0,2,0.67,0,0,0,0,3,100,0,0,2,0.67,1,0.33,0,0,3,100,3,1,0,0,0,0,3,100
10463,Bronx,NY,US,America/New_York,"914,718",59,33,0.56,26,0.44,0,0,59,100,0,0,36,0.61,0,0,0,0,2,0.03,18,0.31,3,0.05,0,0,59,100,3,0.05,54,0.92,2,0.03,0,0,59,100,20,0.34,39,0.66,0,0,59,100
10464,Bronx,NY,US,America/New_York,"718,914,917",15,7,0.47,8,0.53,0,0,15,100,0,0,7,0.47,0,0,1,0.07,0,0,7,0.47,0,0,0,0,15,100,0,0,15,1,0,0,0,0,15,100,7,0.47,8,0.53,0,0,15,100
10465,Bronx,NY,US,America/New_York,"845,718,347",21,17,0.81,4,0.19,0,0,21,100,0,0,14,0.67,0,0,1,0.05,4,0.19,2,0.1,0,0,0,0,21,100,1,0.05,20,0.95,0,0,0,0,21,100,5,0.24,16,0.76,0,0,21,100
10466,Bronx,NY,US,America/New_York,"914,718,845,347",65,39,0.6,26,0.4,0,0,65,100,1,0.02,14,0.22,0,0,0,0,0,0,50,0.77,0,0,0,0,65,100,3,0.05,62,0.95,0,0,0,0,65,100,17,0.26,48,0.74,0,0,65,100
10467,Bronx,NY,US,America/New_York,"718,347",106,65,0.61,41,0.39,0,0,106,100,0,0,51,0.48,1,0.01,4,0.04,1,0.01,47,0.44,2,0.02,0,0,106,100,10,0.09,94,0.89,2,0.02,0,0,106,100,33,0.31,73,0.69,0,0,106,100
10468,Bronx,NY,US,America/New_York,718,81,46,0.57,35,0.43,0,0,81,100,0,0,35,0.43,0,0,3,0.04,0,0,36,0.44,7,0.09,0,0,81,100,2,0.02,79,0.98,0,0,0,0,81,100,23,0.28,58,0.72,0,0,81,100
10469,Bronx,NY,US,America/New_York,"917,718,347",10,7,0.7,3,0.3,0,0,10,100,0,0,4,0.4,0,0,0,0,1,0.1,5,0.5,0,0,0,0,10,100,2,0.2,8,0.8,0,0,0,0,10,100,4,0.4,6,0.6,0,0,10,100
10471,Bronx,NY,US,America/New_York,718,43,24,0.56,19,0.44,0,0,43,100,0,0,27,0.63,0,0,1,0.02,2,0.05,12,0.28,1,0.02,0,0,43,100,2,0.05,41,0.95,0,0,0,0,43,100,17,0.4,26,0.6,0,0,43,100
10472,Bronx,NY,US,America/New_York,718,0,0,0,0,0,0,0,0,0,0,0,0,0,0,0,0,0,0,0,0,0,0,0,0,0,0,0,0,0,0,0,0,0,0,0,0,0,0,0,0,0,0,0,0,0
10473,Bronx,NY,US,America/New_York,"917,718,347",0,0,0,0,0,0,0,0,0,0,0,0,0,0,0,0,0,0,0,0,0,0,0,0,0,0,0,0,0,0,0,0,0,0,0,0,0,0,0,0,0,0,0,0,0
10474,Bronx,NY,US,America/New_York,"718,917",0,0,0,0,0,0,0,0,0,0,0,0,0,0,0,0,0,0,0,0,0,0,0,0,0,0,0,0,0,0,0,0,0,0,0,0,0,0,0,0,0,0,0,0,0
10475,Bronx,NY,US,America/New_York,718,20,12,0.6,8,0.4,0,0,20,100,0,0,7,0.35,0,0,0,0,1,0.05,12,0.6,0,0,0,0,20,100,2,0.1,18,0.9,0,0,0,0,20,100,8,0.4,12,0.6,0,0,20,100
10514,Chappaqua,NY,US,America/New_York,"914,203",0,0,0,0,0,0,0,0,0,0,0,0,0,0,0,0,0,0,0,0,0,0,0,0,0,0,0,0,0,0,0,0,0,0,0,0,0,0,0,0,0,0,0,0,0
10543,Mamaroneck,NY,US,America/New_York,"914,917,212",0,0,0,0,0,0,0,0,0,0,0,0,0,0,0,0,0,0,0,0,0,0,0,0,0,0,0,0,0,0,0,0,0,0,0,0,0,0,0,0,0,0,0,0,0
10553,Mount Vernon,NY,US,America/New_York,914,0,0,0,0,0,0,0,0,0,0,0,0,0,0,0,0,0,0,0,0,0,0,0,0,0,0,0,0,0,0,0,0,0,0,0,0,0,0,0,0,0,0,0,0,0
10573,Port Chester,NY,US,America/New_York,914,0,0,0,0,0,0,0,0,0,0,0,0,0,0,0,0,0,0,0,0,0,0,0,0,0,0,0,0,0,0,0,0,0,0,0,0,0,0,0,0,0,0,0,0,0
10701,Yonkers,NY,US,America/New_York,914,0,0,0,0,0,0,0,0,0,0,0,0,0,0,0,0,0,0,0,0,0,0,0,0,0,0,0,0,0,0,0,0,0,0,0,0,0,0,0,0,0,0,0,0,0
10705,Yonkers,NY,US,America/New_York,914,0,0,0,0,0,0,0,0,0,0,0,0,0,0,0,0,0,0,0,0,0,0,0,0,0,0,0,0,0,0,0,0,0,0,0,0,0,0,0,0,0,0,0,0,0
10911,Bear Mountain,NY,US,America/New_York,845,0,0,0,0,0,0,0,0,0,0,0,0,0,0,0,0,0,0,0,0,0,0,0,0,0,0,0,0,0,0,0,0,0,0,0,0,0,0,0,0,0,0,0,0,0
10965,Pearl River,NY,US,America/New_York,"845,914",0,0,0,0,0,0,0,0,0,0,0,0,0,0,0,0,0,0,0,0,0,0,0,0,0,0,0,0,0,0,0,0,0,0,0,0,0,0,0,0,0,0,0,0,0
10977,Spring Valley,NY,US,America/New_York,"845,914,917",0,0,0,0,0,0,0,0,0,0,0,0,0,0,0,0,0,0,0,0,0,0,0,0,0,0,0,0,0,0,0,0,0,0,0,0,0,0,0,0,0,0,0,0,0
11001,Floral Park,NY,US,America/New_York,"516,718",0,0,0,0,0,0,0,0,0,0,0,0,0,0,0,0,0,0,0,0,0,0,0,0,0,0,0,0,0,0,0,0,0,0,0,0,0,0,0,0,0,0,0,0,0
11021,Great Neck,NY,US,America/New_York,"347,516,631,718",0,0,0,0,0,0,0,0,0,0,0,0,0,0,0,0,0,0,0,0,0,0,0,0,0,0,0,0,0,0,0,0,0,0,0,0,0,0,0,0,0,0,0,0,0
11050,Port Washington,NY,US,America/New_York,516,0,0,0,0,0,0,0,0,0,0,0,0,0,0,0,0,0,0,0,0,0,0,0,0,0,0,0,0,0,0,0,0,0,0,0,0,0,0,0,0,0,0,0,0,0
11101,Long Island City,NY,US,America/New_York,"917,718,212",1,0,0,1,1,0,0,1,100,0,0,0,0,0,0,1,1,0,0,0,0,0,0,0,0,1,100,0,0,1,1,0,0,0,0,1,100,0,0,1,1,0,0,1,100
11102,Astoria,NY,US,America/New_York,"917,718",0,0,0,0,0,0,0,0,0,0,0,0,0,0,0,0,0,0,0,0,0,0,0,0,0,0,0,0,0,0,0,0,0,0,0,0,0,0,0,0,0,0,0,0,0
11103,Astoria,NY,US,America/New_York,"917,718",0,0,0,0,0,0,0,0,0,0,0,0,0,0,0,0,0,0,0,0,0,0,0,0,0,0,0,0,0,0,0,0,0,0,0,0,0,0,0,0,0,0,0,0,0
11104,Sunnyside,NY,US,America/New_York,718,0,0,0,0,0,0,0,0,0,0,0,0,0,0,0,0,0,0,0,0,0,0,0,0,0,0,0,0,0,0,0,0,0,0,0,0,0,0,0,0,0,0,0,0,0
11105,Astoria,NY,US,America/New_York,"718,914",0,0,0,0,0,0,0,0,0,0,0,0,0,0,0,0,0,0,0,0,0,0,0,0,0,0,0,0,0,0,0,0,0,0,0,0,0,0,0,0,0,0,0,0,0
11106,Astoria,NY,US,America/New_York,"718,917",0,0,0,0,0,0,0,0,0,0,0,0,0,0,0,0,0,0,0,0,0,0,0,0,0,0,0,0,0,0,0,0,0,0,0,0,0,0,0,0,0,0,0,0,0
11111,Long Island City,NY,US,America/New_York,"718,347",0,0,0,0,0,0,0,0,0,0,0,0,0,0,0,0,0,0,0,0,0,0,0,0,0,0,0,0,0,0,0,0,0,0,0,0,0,0,0,0,0,0,0,0,0
11112,Long Island City,NY,US,America/New_York,"718,347",0,0,0,0,0,0,0,0,0,0,0,0,0,0,0,0,0,0,0,0,0,0,0,0,0,0,0,0,0,0,0,0,0,0,0,0,0,0,0,0,0,0,0,0,0
11201,Brooklyn,NY,US,America/New_York,"718,917,347,212",11,6,0.55,5,0.45,0,0,11,100,0,0,2,0.18,0,0,1,0.09,1,0.09,5,0.45,2,0.18,0,0,11,99,0,0,11,1,0,0,0,0,11,100,2,0.18,9,0.82,0,0,11,100
11202,Brooklyn,NY,US,America/New_York,"718,347",0,0,0,0,0,0,0,0,0,0,0,0,0,0,0,0,0,0,0,0,0,0,0,0,0,0,0,0,0,0,0,0,0,0,0,0,0,0,0,0,0,0,0,0,0
11203,Brooklyn,NY,US,America/New_York,"718,917,212",15,12,0.8,3,0.2,0,0,15,100,0,0,2,0.13,0,0,1,0.07,2,0.13,8,0.53,2,0.13,0,0,15,99,1,0.07,14,0.93,0,0,0,0,15,100,1,0.07,14,0.93,0,0,15,100
11204,Brooklyn,NY,US,America/New_York,718,37,17,0.46,20,0.54,0,0,37,100,0,0,0,0,0,0,0,0,36,0.97,0,0,1,0.03,0,0,37,100,1,0.03,36,0.97,0,0,0,0,37,100,19,0.51,18,0.49,0,0,37,100
11205,Brooklyn,NY,US,America/New_York,"646,718",5,5,1,0,0,0,0,5,100,0,0,0,0,0,0,0,0,4,0.8,0,0,1,0.2,0,0,5,100,0,0,5,1,0,0,0,0,5,100,3,0.6,2,0.4,0,0,5,100
11206,Brooklyn,NY,US,America/New_York,"917,718,347",13,3,0.23,10,0.77,0,0,13,100,0,0,0,0,0,0,0,0,13,1,0,0,0,0,0,0,13,100,0,0,13,1,0,0,0,0,13,100,9,0.69,4,0.31,0,0,13,100
11207,Brooklyn,NY,US,America/New_York,718,0,0,0,0,0,0,0,0,0,0,0,0,0,0,0,0,0,0,0,0,0,0,0,0,0,0,0,0,0,0,0,0,0,0,0,0,0,0,0,0,0,0,0,0,0
11208,Brooklyn,NY,US,America/New_York,718,0,0,0,0,0,0,0,0,0,0,0,0,0,0,0,0,0,0,0,0,0,0,0,0,0,0,0,0,0,0,0,0,0,0,0,0,0,0,0,0,0,0,0,0,0
11209,Brooklyn,NY,US,America/New_York,"917,718,646",0,0,0,0,0,0,0,0,0,0,0,0,0,0,0,0,0,0,0,0,0,0,0,0,0,0,0,0,0,0,0,0,0,0,0,0,0,0,0,0,0,0,0,0,0
11210,Brooklyn,NY,US,America/New_York,"718,347",36,12,0.33,24,0.67,0,0,36,100,0,0,0,0,0,0,0,0,33,0.92,0,0,3,0.08,0,0,36,100,0,0,36,1,0,0,0,0,36,100,11,0.31,25,0.69,0,0,36,100
11211,Brooklyn,NY,US,America/New_York,"516,718,917,646,347",34,31,0.91,3,0.09,0,0,34,100,0,0,2,0.06,0,0,1,0.03,28,0.82,1,0.03,2,0.06,0,0,34,100,0,0,34,1,0,0,0,0,34,100,22,0.65,12,0.35,0,0,34,100
11212,Brooklyn,NY,US,America/New_York,718,10,8,0.8,2,0.2,0,0,10,100,0,0,1,0.1,0,0,1,0.1,0,0,7,0.7,1,0.1,0,0,10,100,1,0.1,9,0.9,0,0,0,0,10,100,0,0,10,1,0,0,10,100
11213,Brooklyn,NY,US,America/New_York,"917,718,347",38,17,0.45,21,0.55,0,0,38,100,0,0,0,0,0,0,0,0,32,0.84,0,0,6,0.16,0,0,38,100,1,0.03,37,0.97,0,0,0,0,38,100,10,0.26,28,0.74,0,0,38,100
11214,Brooklyn,NY,US,America/New_York,"917,718",10,7,0.7,3,0.3,0,0,10,100,0,0,0,0,0,0,5,0.5,4,0.4,1,0.1,0,0,0,0,10,100,0,0,10,1,0,0,0,0,10,100,2,0.2,8,0.8,0,0,10,100
11215,Brooklyn,NY,US,America/New_York,"646,718,917",0,0,0,0,0,0,0,0,0,0,0,0,0,0,0,0,0,0,0,0,0,0,0,0,0,0,0,0,0,0,0,0,0,0,0,0,0,0,0,0,0,0,0,0,0
11216,Brooklyn,NY,US,America/New_York,"917,718,212,347",0,0,0,0,0,0,0,0,0,0,0,0,0,0,0,0,0,0,0,0,0,0,0,0,0,0,0,0,0,0,0,0,0,0,0,0,0,0,0,0,0,0,0,0,0
11217,Brooklyn,NY,US,America/New_York,"718,917",0,0,0,0,0,0,0,0,0,0,0,0,0,0,0,0,0,0,0,0,0,0,0,0,0,0,0,0,0,0,0,0,0,0,0,0,0,0,0,0,0,0,0,0,0
11218,Brooklyn,NY,US,America/New_York,"917,718,212",111,97,0.87,14,0.13,0,0,111,100,0,0,1,0.01,0,0,3,0.03,95,0.86,6,0.05,6,0.05,0,0,111,100,8,0.07,102,0.92,1,0.01,0,0,111,100,51,0.46,60,0.54,0,0,111,100
11219,Brooklyn,NY,US,America/New_York,718,214,182,0.85,32,0.15,0,0,214,100,0,0,1,0,0,0,1,0,205,0.96,0,0,6,0.03,1,0,214,99,2,0.01,212,0.99,0,0,0,0,214,100,112,0.52,102,0.48,0,0,214,100
11220,Brooklyn,NY,US,America/New_York,718,8,1,0.13,7,0.88,0,0,8,100,0,0,0,0,0,0,1,0.13,6,0.75,0,0,1,0.13,0,0,8,100,0,0,8,1,0,0,0,0,8,100,5,0.63,3,0.38,0,0,8,100
11221,Brooklyn,NY,US,America/New_York,"718,917,347",0,0,0,0,0,0,0,0,0,0,0,0,0,0,0,0,0,0,0,0,0,0,0,0,0,0,0,0,0,0,0,0,0,0,0,0,0,0,0,0,0,0,0,0,0
11222,Brooklyn,NY,US,America/New_York,"347,718,917",0,0,0,0,0,0,0,0,0,0,0,0,0,0,0,0,0,0,0,0,0,0,0,0,0,0,0,0,0,0,0,0,0,0,0,0,0,0,0,0,0,0,0,0,0
11223,Brooklyn,NY,US,America/New_York,"718,917,212",109,53,0.49,56,0.51,0,0,109,100,0,0,1,0.01,0,0,7,0.06,95,0.87,1,0.01,5,0.05,0,0,109,100,6,0.06,102,0.94,1,0.01,0,0,109,100,20,0.18,89,0.82,0,0,109,100
11224,Brooklyn,NY,US,America/New_York,718,93,53,0.57,40,0.43,0,0,93,100,0,0,14,0.15,0,0,7,0.08,4,0.04,60,0.65,8,0.09,0,0,93,100,6,0.06,86,0.92,1,0.01,0,0,93,99,28,0.3,65,0.7,0,0,93,100
11225,Brooklyn,NY,US,America/New_York,718,52,52,1,0,0,0,0,52,100,0,0,0,0,0,0,0,0,52,1,0,0,0,0,0,0,52,100,0,0,52,1,0,0,0,0,52,100,22,0.42,30,0.58,0,0,52,100
11226,Brooklyn,NY,US,America/New_York,"917,718,212",10,7,0.7,3,0.3,0,0,10,100,0,0,6,0.6,0,0,0,0,0,0,4,0.4,0,0,0,0,10,100,0,0,10,1,0,0,0,0,10,100,4,0.4,6,0.6,0,0,10,100
11228,Brooklyn,NY,US,America/New_York,718,0,0,0,0,0,0,0,0,0,0,0,0,0,0,0,0,0,0,0,0,0,0,0,0,0,0,0,0,0,0,0,0,0,0,0,0,0,0,0,0,0,0,0,0,0
11229,Brooklyn,NY,US,America/New_York,"631,718,917,347",52,32,0.62,20,0.38,0,0,52,100,0,0,2,0.04,0,0,5,0.1,39,0.75,2,0.04,3,0.06,1,0.02,52,100,3,0.06,49,0.94,0,0,0,0,52,100,5,0.1,47,0.9,0,0,52,100
11230,Brooklyn,NY,US,America/New_York,"718,917",248,194,0.78,54,0.22,0,0,248,100,0,0,1,0,0,0,7,0.03,216,0.87,2,0.01,17,0.07,5,0.02,248,100,3,0.01,245,0.99,0,0,0,0,248,100,42,0.17,206,0.83,0,0,248,100
11231,Brooklyn,NY,US,America/New_York,"718,212,917",0,0,0,0,0,0,0,0,0,0,0,0,0,0,0,0,0,0,0,0,0,0,0,0,0,0,0,0,0,0,0,0,0,0,0,0,0,0,0,0,0,0,0,0,0
11232,Brooklyn,NY,US,America/New_York,"917,718",0,0,0,0,0,0,0,0,0,0,0,0,0,0,0,0,0,0,0,0,0,0,0,0,0,0,0,0,0,0,0,0,0,0,0,0,0,0,0,0,0,0,0,0,0
11233,Brooklyn,NY,US,America/New_York,718,14,6,0.43,8,0.57,0,0,14,100,0,0,0,0,0,0,0,0,4,0.29,9,0.64,1,0.07,0,0,14,100,0,0,14,1,0,0,0,0,14,100,5,0.36,9,0.64,0,0,14,100
11234,Brooklyn,NY,US,America/New_York,"718,917,212,347",59,29,0.49,30,0.51,0,0,59,100,0,0,8,0.14,0,0,0,0,37,0.63,10,0.17,4,0.07,0,0,59,100,1,0.02,58,0.98,0,0,0,0,59,100,2,0.03,57,0.97,0,0,59,100
11235,Brooklyn,NY,US,America/New_York,"718,917,212",50,17,0.34,33,0.66,0,0,50,100,0,0,7,0.14,0,0,4,0.08,36,0.72,2,0.04,1,0.02,0,0,50,100,1,0.02,48,0.96,1,0.02,0,0,50,100,4,0.08,46,0.92,0,0,50,100
11236,Brooklyn,NY,US,America/New_York,"917,718",7,3,0.43,4,0.57,0,0,7,100,0,0,0,0,0,0,0,0,1,0.14,5,0.71,0,0,1,0.14,7,99,2,0.29,5,0.71,0,0,0,0,7,100,0,0,7,1,0,0,7,100
11237,Brooklyn,NY,US,America/New_York,"347,718",0,0,0,0,0,0,0,0,0,0,0,0,0,0,0,0,0,0,0,0,0,0,0,0,0,0,0,0,0,0,0,0,0,0,0,0,0,0,0,0,0,0,0,0,0
11238,Brooklyn,NY,US,America/New_York,"718,347,917",0,0,0,0,0,0,0,0,0,0,0,0,0,0,0,0,0,0,0,0,0,0,0,0,0,0,0,0,0,0,0,0,0,0,0,0,0,0,0,0,0,0,0,0,0
11239,Brooklyn,NY,US,America/New_York,718,0,0,0,0,0,0,0,0,0,0,0,0,0,0,0,0,0,0,0,0,0,0,0,0,0,0,0,0,0,0,0,0,0,0,0,0,0,0,0,0,0,0,0,0,0
11252,Brooklyn,NY,US,America/New_York,212,0,0,0,0,0,0,0,0,0,0,0,0,0,0,0,0,0,0,0,0,0,0,0,0,0,0,0,0,0,0,0,0,0,0,0,0,0,0,0,0,0,0,0,0,0
11354,Flushing,NY,US,America/New_York,"917,718,347",2,1,0.5,1,0.5,0,0,2,100,0,0,1,0.5,0,0,0,0,0,0,0,0,1,0.5,0,0,2,100,2,1,0,0,0,0,0,0,2,100,0,0,2,1,0,0,2,100
11355,Flushing,NY,US,America/New_York,"718,347,917",0,0,0,0,0,0,0,0,0,0,0,0,0,0,0,0,0,0,0,0,0,0,0,0,0,0,0,0,0,0,0,0,0,0,0,0,0,0,0,0,0,0,0,0,0
11356,College Point,NY,US,America/New_York,718,0,0,0,0,0,0,0,0,0,0,0,0,0,0,0,0,0,0,0,0,0,0,0,0,0,0,0,0,0,0,0,0,0,0,0,0,0,0,0,0,0,0,0,0,0
11357,Whitestone,NY,US,America/New_York,"718,917,347",0,0,0,0,0,0,0,0,0,0,0,0,0,0,0,0,0,0,0,0,0,0,0,0,0,0,0,0,0,0,0,0,0,0,0,0,0,0,0,0,0,0,0,0,0
11358,Flushing,NY,US,America/New_York,"917,718,212",0,0,0,0,0,0,0,0,0,0,0,0,0,0,0,0,0,0,0,0,0,0,0,0,0,0,0,0,0,0,0,0,0,0,0,0,0,0,0,0,0,0,0,0,0
11360,Bayside,NY,US,America/New_York,"347,718",0,0,0,0,0,0,0,0,0,0,0,0,0,0,0,0,0,0,0,0,0,0,0,0,0,0,0,0,0,0,0,0,0,0,0,0,0,0,0,0,0,0,0,0,0
11361,Bayside,NY,US,America/New_York,"718,917",0,0,0,0,0,0,0,0,0,0,0,0,0,0,0,0,0,0,0,0,0,0,0,0,0,0,0,0,0,0,0,0,0,0,0,0,0,0,0,0,0,0,0,0,0
11362,Little Neck,NY,US,America/New_York,718,0,0,0,0,0,0,0,0,0,0,0,0,0,0,0,0,0,0,0,0,0,0,0,0,0,0,0,0,0,0,0,0,0,0,0,0,0,0,0,0,0,0,0,0,0
11364,Oakland Gardens,NY,US,America/New_York,"718,917,347",0,0,0,0,0,0,0,0,0,0,0,0,0,0,0,0,0,0,0,0,0,0,0,0,0,0,0,0,0,0,0,0,0,0,0,0,0,0,0,0,0,0,0,0,0
11365,Fresh Meadows,NY,US,America/New_York,"718,917",0,0,0,0,0,0,0,0,0,0,0,0,0,0,0,0,0,0,0,0,0,0,0,0,0,0,0,0,0,0,0,0,0,0,0,0,0,0,0,0,0,0,0,0,0
11366,Fresh Meadows,NY,US,America/New_York,718,0,0,0,0,0,0,0,0,0,0,0,0,0,0,0,0,0,0,0,0,0,0,0,0,0,0,0,0,0,0,0,0,0,0,0,0,0,0,0,0,0,0,0,0,0
11367,Flushing,NY,US,America/New_York,"718,917",0,0,0,0,0,0,0,0,0,0,0,0,0,0,0,0,0,0,0,0,0,0,0,0,0,0,0,0,0,0,0,0,0,0,0,0,0,0,0,0,0,0,0,0,0
11368,Corona,NY,US,America/New_York,"917,718",5,4,0.8,1,0.2,0,0,5,100,0,0,3,0.6,0,0,1,0.2,1,0.2,0,0,0,0,0,0,5,100,1,0.2,4,0.8,0,0,0,0,5,100,0,0,5,1,0,0,5,100
11369,East Elmhurst,NY,US,America/New_York,"917,718",0,0,0,0,0,0,0,0,0,0,0,0,0,0,0,0,0,0,0,0,0,0,0,0,0,0,0,0,0,0,0,0,0,0,0,0,0,0,0,0,0,0,0,0,0
11370,East Elmhurst,NY,US,America/New_York,"914,718,347,917",0,0,0,0,0,0,0,0,0,0,0,0,0,0,0,0,0,0,0,0,0,0,0,0,0,0,0,0,0,0,0,0,0,0,0,0,0,0,0,0,0,0,0,0,0
11371,Flushing,NY,US,America/New_York,914,0,0,0,0,0,0,0,0,0,0,0,0,0,0,0,0,0,0,0,0,0,0,0,0,0,0,0,0,0,0,0,0,0,0,0,0,0,0,0,0,0,0,0,0,0
11372,Jackson Heights,NY,US,America/New_York,"718,347,917",2,1,0.5,1,0.5,0,0,2,100,0,0,2,1,0,0,0,0,0,0,0,0,0,0,0,0,2,100,0,0,2,1,0,0,0,0,2,100,1,0.5,1,0.5,0,0,2,100
11373,Elmhurst,NY,US,America/New_York,"646,917,718,347",3,3,1,0,0,0,0,3,100,0,0,0,0,0,0,0,0,3,1,0,0,0,0,0,0,3,100,0,0,3,1,0,0,0,0,3,100,1,0.33,2,0.67,0,0,3,100
11374,Rego Park,NY,US,America/New_York,"917,718,347",2,0,0,2,1,0,0,2,100,0,0,0,0,0,0,0,0,1,0.5,1,0.5,0,0,0,0,2,100,0,0,2,1,0,0,0,0,2,100,0,0,2,1,0,0,2,100
11375,Forest Hills,NY,US,America/New_York,"646,718,917,212",5,2,0.4,3,0.6,0,0,5,100,0,0,2,0.4,0,0,0,0,0,0,3,0.6,0,0,0,0,5,100,0,0,5,1,0,0,0,0,5,100,1,0.2,4,0.8,0,0,5,100
11377,Woodside,NY,US,America/New_York,"718,347",0,0,0,0,0,0,0,0,0,0,0,0,0,0,0,0,0,0,0,0,0,0,0,0,0,0,0,0,0,0,0,0,0,0,0,0,0,0,0,0,0,0,0,0,0
11378,Maspeth,NY,US,America/New_York,"917,718",0,0,0,0,0,0,0,0,0,0,0,0,0,0,0,0,0,0,0,0,0,0,0,0,0,0,0,0,0,0,0,0,0,0,0,0,0,0,0,0,0,0,0,0,0
11379,Middle Village,NY,US,America/New_York,718,0,0,0,0,0,0,0,0,0,0,0,0,0,0,0,0,0,0,0,0,0,0,0,0,0,0,0,0,0,0,0,0,0,0,0,0,0,0,0,0,0,0,0,0,0
11385,Ridgewood,NY,US,America/New_York,"718,516,917,212",0,0,0,0,0,0,0,0,0,0,0,0,0,0,0,0,0,0,0,0,0,0,0,0,0,0,0,0,0,0,0,0,0,0,0,0,0,0,0,0,0,0,0,0,0
11411,Cambria Heights,NY,US,America/New_York,"917,718,347",0,0,0,0,0,0,0,0,0,0,0,0,0,0,0,0,0,0,0,0,0,0,0,0,0,0,0,0,0,0,0,0,0,0,0,0,0,0,0,0,0,0,0,0,0
11412,Saint Albans,NY,US,America/New_York,"718,646,347",0,0,0,0,0,0,0,0,0,0,0,0,0,0,0,0,0,0,0,0,0,0,0,0,0,0,0,0,0,0,0,0,0,0,0,0,0,0,0,0,0,0,0,0,0
11413,Springfield Gardens,NY,US,America/New_York,"917,718",0,0,0,0,0,0,0,0,0,0,0,0,0,0,0,0,0,0,0,0,0,0,0,0,0,0,0,0,0,0,0,0,0,0,0,0,0,0,0,0,0,0,0,0,0
11414,Howard Beach,NY,US,America/New_York,"917,718,516",0,0,0,0,0,0,0,0,0,0,0,0,0,0,0,0,0,0,0,0,0,0,0,0,0,0,0,0,0,0,0,0,0,0,0,0,0,0,0,0,0,0,0,0,0
11415,Kew Gardens,NY,US,America/New_York,718,11,6,0.55,5,0.45,0,0,11,100,0,0,0,0,0,0,0,0,11,1,0,0,0,0,0,0,11,100,1,0.09,10,0.91,0,0,0,0,11,100,5,0.45,6,0.55,0,0,11,100
11416,Ozone Park,NY,US,America/New_York,718,0,0,0,0,0,0,0,0,0,0,0,0,0,0,0,0,0,0,0,0,0,0,0,0,0,0,0,0,0,0,0,0,0,0,0,0,0,0,0,0,0,0,0,0,0
11417,Ozone Park,NY,US,America/New_York,718,0,0,0,0,0,0,0,0,0,0,0,0,0,0,0,0,0,0,0,0,0,0,0,0,0,0,0,0,0,0,0,0,0,0,0,0,0,0,0,0,0,0,0,0,0
11418,Richmond Hill,NY,US,America/New_York,"718,917,347",4,2,0.5,2,0.5,0,0,4,100,0,0,1,0.25,0,0,0,0,0,0,1,0.25,1,0.25,1,0.25,4,100,0,0,4,1,0,0,0,0,4,100,1,0.25,3,0.75,0,0,4,100
11419,South Richmond Hill,NY,US,America/New_York,"917,718,347",1,0,0,1,1,0,0,1,100,0,0,0,0,0,0,0,0,0,0,1,1,0,0,0,0,1,100,0,0,1,1,0,0,0,0,1,100,0,0,1,1,0,0,1,100
11420,South Ozone Park,NY,US,America/New_York,"718,347",2,1,0.5,1,0.5,0,0,2,100,0,0,1,0.5,0,0,0,0,0,0,0,0,1,0.5,0,0,2,100,0,0,2,1,0,0,0,0,2,100,2,1,0,0,0,0,2,100
11421,Woodhaven,NY,US,America/New_York,"516,718,917",0,0,0,0,0,0,0,0,0,0,0,0,0,0,0,0,0,0,0,0,0,0,0,0,0,0,0,0,0,0,0,0,0,0,0,0,0,0,0,0,0,0,0,0,0
11422,Rosedale,NY,US,America/New_York,"917,718",0,0,0,0,0,0,0,0,0,0,0,0,0,0,0,0,0,0,0,0,0,0,0,0,0,0,0,0,0,0,0,0,0,0,0,0,0,0,0,0,0,0,0,0,0
11423,Hollis,NY,US,America/New_York,718,0,0,0,0,0,0,0,0,0,0,0,0,0,0,0,0,0,0,0,0,0,0,0,0,0,0,0,0,0,0,0,0,0,0,0,0,0,0,0,0,0,0,0,0,0
11424,Jamaica,NY,US,America/New_York,718,0,0,0,0,0,0,0,0,0,0,0,0,0,0,0,0,0,0,0,0,0,0,0,0,0,0,0,0,0,0,0,0,0,0,0,0,0,0,0,0,0,0,0,0,0
11425,Jamaica,NY,US,America/New_York,212,0,0,0,0,0,0,0,0,0,0,0,0,0,0,0,0,0,0,0,0,0,0,0,0,0,0,0,0,0,0,0,0,0,0,0,0,0,0,0,0,0,0,0,0,0
11426,Bellerose,NY,US,America/New_York,"917,718,516",0,0,0,0,0,0,0,0,0,0,0,0,0,0,0,0,0,0,0,0,0,0,0,0,0,0,0,0,0,0,0,0,0,0,0,0,0,0,0,0,0,0,0,0,0
11427,Queens Village,NY,US,America/New_York,718,2,0,0,2,1,0,0,2,100,0,0,1,0.5,0,0,0,0,0,0,1,0.5,0,0,0,0,2,100,1,0.5,1,0.5,0,0,0,0,2,100,0,0,2,1,0,0,2,100
11428,Queens Village,NY,US,America/New_York,"347,516,718",0,0,0,0,0,0,0,0,0,0,0,0,0,0,0,0,0,0,0,0,0,0,0,0,0,0,0,0,0,0,0,0,0,0,0,0,0,0,0,0,0,0,0,0,0
11429,Queens Village,NY,US,America/New_York,"718,347,917",0,0,0,0,0,0,0,0,0,0,0,0,0,0,0,0,0,0,0,0,0,0,0,0,0,0,0,0,0,0,0,0,0,0,0,0,0,0,0,0,0,0,0,0,0
11430,Jamaica,NY,US,America/New_York,718,0,0,0,0,0,0,0,0,0,0,0,0,0,0,0,0,0,0,0,0,0,0,0,0,0,0,0,0,0,0,0,0,0,0,0,0,0,0,0,0,0,0,0,0,0
11431,Jamaica,NY,US,America/New_York,212,0,0,0,0,0,0,0,0,0,0,0,0,0,0,0,0,0,0,0,0,0,0,0,0,0,0,0,0,0,0,0,0,0,0,0,0,0,0,0,0,0,0,0,0,0
11432,Jamaica,NY,US,America/New_York,"718,516,347",2,2,1,0,0,0,0,2,100,0,0,0,0,0,0,1,0.5,0,0,1,0.5,0,0,0,0,2,100,0,0,2,1,0,0,0,0,2,100,0,0,2,1,0,0,2,100
11433,Jamaica,NY,US,America/New_York,718,0,0,0,0,0,0,0,0,0,0,0,0,0,0,0,0,0,0,0,0,0,0,0,0,0,0,0,0,0,0,0,0,0,0,0,0,0,0,0,0,0,0,0,0,0
11434,Jamaica,NY,US,America/New_York,"646,917,718,347",4,1,0.25,3,0.75,0,0,4,100,0,0,0,0,0,0,0,0,0,0,4,1,0,0,0,0,4,100,1,0.25,3,0.75,0,0,0,0,4,100,0,0,4,1,0,0,4,100
11435,Jamaica,NY,US,America/New_York,"718,917,347",0,0,0,0,0,0,0,0,0,0,0,0,0,0,0,0,0,0,0,0,0,0,0,0,0,0,0,0,0,0,0,0,0,0,0,0,0,0,0,0,0,0,0,0,0
11436,Jamaica,NY,US,America/New_York,"718,917",0,0,0,0,0,0,0,0,0,0,0,0,0,0,0,0,0,0,0,0,0,0,0,0,0,0,0,0,0,0,0,0,0,0,0,0,0,0,0,0,0,0,0,0,0
11439,Jamaica,NY,US,America/New_York,212,0,0,0,0,0,0,0,0,0,0,0,0,0,0,0,0,0,0,0,0,0,0,0,0,0,0,0,0,0,0,0,0,0,0,0,0,0,0,0,0,0,0,0,0,0
11451,Jamaica,NY,US,America/New_York,212,0,0,0,0,0,0,0,0,0,0,0,0,0,0,0,0,0,0,0,0,0,0,0,0,0,0,0,0,0,0,0,0,0,0,0,0,0,0,0,0,0,0,0,0,0
11471,Jamaica,NY,US,America/New_York,212,0,0,0,0,0,0,0,0,0,0,0,0,0,0,0,0,0,0,0,0,0,0,0,0,0,0,0,0,0,0,0,0,0,0,0,0,0,0,0,0,0,0,0,0,0
11510,Baldwin,NY,US,America/New_York,516,28,6,0.21,22,0.79,0,0,28,100,0,0,6,0.21,0,0,1,0.04,18,0.64,2,0.07,1,0.04,0,0,28,100,1,0.04,27,0.96,0,0,0,0,28,100,1,0.04,27,0.96,0,0,28,100
11548,Greenvale,NY,US,America/New_York,516,0,0,0,0,0,0,0,0,0,0,0,0,0,0,0,0,0,0,0,0,0,0,0,0,0,0,0,0,0,0,0,0,0,0,0,0,0,0,0,0,0,0,0,0,0
11566,Merrick,NY,US,America/New_York,"631,516",0,0,0,0,0,0,0,0,0,0,0,0,0,0,0,0,0,0,0,0,0,0,0,0,0,0,0,0,0,0,0,0,0,0,0,0,0,0,0,0,0,0,0,0,0
11577,Roslyn Heights,NY,US,America/New_York,516,0,0,0,0,0,0,0,0,0,0,0,0,0,0,0,0,0,0,0,0,0,0,0,0,0,0,0,0,0,0,0,0,0,0,0,0,0,0,0,0,0,0,0,0,0
11580,Valley Stream,NY,US,America/New_York,"347,516,212",0,0,0,0,0,0,0,0,0,0,0,0,0,0,0,0,0,0,0,0,0,0,0,0,0,0,0,0,0,0,0,0,0,0,0,0,0,0,0,0,0,0,0,0,0
11598,Woodmere,NY,US,America/New_York,516,0,0,0,0,0,0,0,0,0,0,0,0,0,0,0,0,0,0,0,0,0,0,0,0,0,0,0,0,0,0,0,0,0,0,0,0,0,0,0,0,0,0,0,0,0
11629,Garden City,NY,US,America/New_York,516,0,0,0,0,0,0,0,0,0,0,0,0,0,0,0,0,0,0,0,0,0,0,0,0,0,0,0,0,0,0,0,0,0,0,0,0,0,0,0,0,0,0,0,0,0
11691,Far Rockaway,NY,US,America/New_York,718,37,12,0.32,25,0.68,0,0,37,100,0,0,0,0,0,0,0,0,37,1,0,0,0,0,0,0,37,100,0,0,37,1,0,0,0,0,37,100,3,0.08,34,0.92,0,0,37,100
11692,Arverne,NY,US,America/New_York,"718,347",0,0,0,0,0,0,0,0,0,0,0,0,0,0,0,0,0,0,0,0,0,0,0,0,0,0,0,0,0,0,0,0,0,0,0,0,0,0,0,0,0,0,0,0,0
11693,Far Rockaway,NY,US,America/New_York,718,0,0,0,0,0,0,0,0,0,0,0,0,0,0,0,0,0,0,0,0,0,0,0,0,0,0,0,0,0,0,0,0,0,0,0,0,0,0,0,0,0,0,0,0,0
11694,Rockaway Park,NY,US,America/New_York,718,0,0,0,0,0,0,0,0,0,0,0,0,0,0,0,0,0,0,0,0,0,0,0,0,0,0,0,0,0,0,0,0,0,0,0,0,0,0,0,0,0,0,0,0,0
11695,Far Rockaway,NY,US,America/New_York,212,0,0,0,0,0,0,0,0,0,0,0,0,0,0,0,0,0,0,0,0,0,0,0,0,0,0,0,0,0,0,0,0,0,0,0,0,0,0,0,0,0,0,0,0,0
11731,East Northport,NY,US,America/New_York,"631,516",0,0,0,0,0,0,0,0,0,0,0,0,0,0,0,0,0,0,0,0,0,0,0,0,0,0,0,0,0,0,0,0,0,0,0,0,0,0,0,0,0,0,0,0,0
11798,Wyandanch,NY,US,America/New_York,631,5,3,0.6,2,0.4,0,0,5,100,0,0,0,0,0,0,0,0,0,0,5,1,0,0,0,0,5,100,0,0,5,1,0,0,0,0,5,100,0,0,5,1,0,0,5,100
11968,Southampton,NY,US,America/New_York,"516,631",0,0,0,0,0,0,0,0,0,0,0,0,0,0,0,0,0,0,0,0,0,0,0,0,0,0,0,0,0,0,0,0,0,0,0,0,0,0,0,0,0,0,0,0,0
12423,East Durham,NY,US,America/New_York,518,21,1,0.05,20,0.95,0,0,21,100,0,0,0,0,0,0,0,0,19,0.9,0,0,1,0.05,1,0.05,21,100,0,0,21,1,0,0,0,0,21,100,5,0.24,16,0.76,0,0,21,100
12428,Ellenville,NY,US,America/New_York,845,124,74,0.6,50,0.4,0,0,124,100,2,0.02,1,0.01,0,0,0,0,117,0.94,0,0,4,0.03,0,0,124,100,0,0,124,1,0,0,0,0,124,100,71,0.57,53,0.43,0,0,124,100
12435,Greenfield Park,NY,US,America/New_York,845,55,5,0.09,50,0.91,0,0,55,100,0,0,0,0,0,0,0,0,50,0.91,0,0,5,0.09,0,0,55,100,0,0,55,1,0,0,0,0,55,100,19,0.35,36,0.65,0,0,55,100
12458,Napanoch,NY,US,America/New_York,845,0,0,0,0,0,0,0,0,0,0,0,0,0,0,0,0,0,0,0,0,0,0,0,0,0,0,0,0,0,0,0,0,0,0,0,0,0,0,0,0,0,0,0,0,0
12466,Port Ewen,NY,US,America/New_York,845,44,44,1,0,0,0,0,44,100,0,0,0,0,0,0,0,0,44,1,0,0,0,0,0,0,44,100,0,0,44,1,0,0,0,0,44,100,35,0.8,9,0.2,0,0,44,100
12473,Round Top,NY,US,America/New_York,518,0,0,0,0,0,0,0,0,0,0,0,0,0,0,0,0,0,0,0,0,0,0,0,0,0,0,0,0,0,0,0,0,0,0,0,0,0,0,0,0,0,0,0,0,0
12528,Highland,NY,US,America/New_York,"845,914",52,2,0.04,50,0.96,0,0,52,100,0,0,0,0,0,0,0,0,46,0.88,0,0,6,0.12,0,0,52,100,1,0.02,51,0.98,0,0,0,0,52,100,21,0.4,31,0.6,0,0,52,100
12701,Monticello,NY,US,America/New_York,845,87,49,0.56,38,0.44,0,0,87,100,0,0,0,0,0,0,0,0,83,0.95,0,0,2,0.02,2,0.02,87,99,0,0,87,1,0,0,0,0,87,100,18,0.21,69,0.79,0,0,87,100
12733,Fallsburg,NY,US,America/New_York,845,13,6,0.46,7,0.54,0,0,13,100,0,0,0,0,0,0,0,0,13,1,0,0,0,0,0,0,13,100,0,0,13,1,0,0,0,0,13,100,2,0.15,11,0.85,0,0,13,100
12734,Ferndale,NY,US,America/New_York,845,252,170,0.67,82,0.33,0,0,252,100,0,0,0,0,0,0,0,0,243,0.96,0,0,4,0.02,5,0.02,252,100,0,0,252,1,0,0,0,0,252,100,61,0.24,191,0.76,0,0,252,100
12737,Glen Spey,NY,US,America/New_York,845,35,34,0.97,1,0.03,0,0,35,100,0,0,0,0,0,0,0,0,35,1,0,0,0,0,0,0,35,100,2,0.06,33,0.94,0,0,0,0,35,100,20,0.57,15,0.43,0,0,35,100
12750,Kenoza Lake,NY,US,America/New_York,845,37,36,0.97,1,0.03,0,0,37,100,0,0,0,0,0,0,0,0,37,1,0,0,0,0,0,0,37,100,0,0,37,1,0,0,0,0,37,100,21,0.57,16,0.43,0,0,37,100
12751,Kiamesha Lake,NY,US,America/New_York,845,7,2,0.29,5,0.71,0,0,7,100,0,0,0,0,0,0,0,0,7,1,0,0,0,0,0,0,7,100,0,0,7,1,0,0,0,0,7,100,2,0.29,5,0.71,0,0,7,100
12754,Liberty,NY,US,America/New_York,845,134,64,0.48,70,0.52,0,0,134,100,2,0.01,0,0,0,0,0,0,127,0.95,0,0,4,0.03,1,0.01,134,100,1,0.01,133,0.99,0,0,0,0,134,100,27,0.2,107,0.8,0,0,134,100
12758,Livingston Manor,NY,US,America/New_York,845,82,50,0.61,32,0.39,0,0,82,100,0,0,0,0,0,0,0,0,76,0.93,0,0,6,0.07,0,0,82,100,0,0,82,1,0,0,0,0,82,100,24,0.29,58,0.71,0,0,82,100
12759,Loch Sheldrake,NY,US,America/New_York,845,11,0,0,11,1,0,0,11,100,0,0,0,0,0,0,0,0,11,1,0,0,0,0,0,0,11,100,0,0,11,1,0,0,0,0,11,100,8,0.73,3,0.27,0,0,11,100
12763,Mountain Dale,NY,US,America/New_York,845,11,11,1,0,0,0,0,11,100,0,0,0,0,0,0,0,0,11,1,0,0,0,0,0,0,11,100,0,0,11,1,0,0,0,0,11,100,8,0.73,3,0.27,0,0,11,100
12764,Narrowsburg,NY,US,America/New_York,845,64,61,0.95,3,0.05,0,0,64,100,0,0,0,0,0,0,0,0,62,0.97,0,0,2,0.03,0,0,64,100,0,0,64,1,0,0,0,0,64,100,5,0.08,59,0.92,0,0,64,100
12768,Parksville,NY,US,America/New_York,845,63,1,0.02,62,0.98,0,0,63,100,0,0,0,0,0,0,0,0,61,0.97,0,0,1,0.02,1,0.02,63,100,0,0,63,1,0,0,0,0,63,100,23,0.37,40,0.63,0,0,63,100
12779,South Fallsburg,NY,US,America/New_York,845,242,183,0.76,59,0.24,0,0,242,100,0,0,0,0,0,0,0,0,239,0.99,0,0,3,0.01,0,0,242,100,1,0,241,1,0,0,0,0,242,100,155,0.64,87,0.36,0,0,242,100
12783,Swan Lake,NY,US,America/New_York,845,201,66,0.33,135,0.67,0,0,201,100,0,0,0,0,2,0.01,0,0,195,0.97,0,0,3,0.01,1,0,201,99,4,0.02,197,0.98,0,0,0,0,201,100,77,0.38,124,0.62,0,0,201,100
12786,White Lake,NY,US,America/New_York,845,4,3,0.75,1,0.25,0,0,4,100,0,0,0,0,0,0,0,0,4,1,0,0,0,0,0,0,4,100,0,0,4,1,0,0,0,0,4,100,1,0.25,3,0.75,0,0,4,100
12788,Woodbourne,NY,US,America/New_York,845,83,39,0.47,44,0.53,0,0,83,100,0,0,0,0,0,0,0,0,81,0.98,0,0,2,0.02,0,0,83,100,0,0,83,1,0,0,0,0,83,100,35,0.42,48,0.58,0,0,83,100
12789,Woodridge,NY,US,America/New_York,845,272,115,0.42,157,0.58,0,0,272,100,0,0,0,0,0,0,0,0,262,0.96,0,0,6,0.02,4,0.01,272,99,1,0,271,1,0,0,0,0,272,100,70,0.26,202,0.74,0,0,272,100
13731,Andes,NY,US,America/New_York,845,17,2,0.12,15,0.88,0,0,17,100,0,0,0,0,0,0,0,0,15,0.88,0,0,2,0.12,0,0,17,100,0,0,17,1,0,0,0,0,17,100,7,0.41,10,0.59,0,0,17,100
16091,Cranberry Twp,PA,US,America/New_York,"724,412",0,0,0,0,0,0,0,0,0,0,0,0,0,0,0,0,0,0,0,0,0,0,0,0,0,0,0,0,0,0,0,0,0,0,0,0,0,0,0,0,0,0,0,0,0
20459,Washington,DC,US,America/New_York,202,0,0,0,0,0,0,0,0,0,0,0,0,0,0,0,0,0,0,0,0,0,0,0,0,0,0,0,0,0,0,0,0,0,0,0,0,0,0,0,0,0,0,0,0,0